Index,Comment
0,"100% agree with Azura. Personally, no kid should feel obliged to ""repay"" their parents if their parents were unable to meet the needs of their children. I think a lot of people misconstrued the concept of parenting as babysitting. To just financially support your child and not meet the emotional needs of the child is not proper parenting, it basically means that you were a great babysitter. So when it comes to obligations, I think it's ultimately a personal choice. I reckon people who lived with abusive and emotionally negligent parents do end up having to heal from their own traumas which they didn't ask for. Ultimately, being a parent should be a thankless job and people should probably put in more thought into it i.e have better planning (being able to afford your own retirement before you even consider having children). Just my two cents (:"
1,"The part where you mentioned ‚ÄúYour parents didn‚Äôt leave you when you were young. So you don‚Äôt leave them when they‚Äôre old‚Äù can we reflect back to that statement. What if they MENTALLY left us? Sure they were just there ‚ÄúPhysically‚Äù but what if they left mentally. As kids, we love it when parents showered us with encouragement and support. So even if they‚Äôre just physically in presence but never there mentally, how would you explain that?"
2,"Filial piety, to me, is different at different stages of my life. When I'm still a school-going kid/teen, filial piety is respecting them, honouring them, and being obedient or at least respectfully explaining my views to them if our opinions differ. As I grow up and start working and earning my keep, on top of all those mentioned previously, need to give them monthly allowance while still providing for myself and my family if I'm married. But as they grow older and become more sickly and need closer care and supervision, then filial piety to me is putting them before myself. Sacrificing my own needs to ensure that all their living and healthcare needs are met."
3,"my relationship w my parents is distant and there are resentment built up growing up. My thought are fixed on not taking much from them since young with the mindset of staying on my own which came to be. I paid for my own education and never demanded for anything.  Therefore, I feel like i dont owe them anything. Unhealed trauma does not support filial piety."
4,Same
5,Oh sorry to hear that. You had a bad childhood compared with others.
6,"agree soo much with azura's opinions :'-)

thank you for giving a voice to those whose parents expect their children to support them even if they were not great parents (gambling, abusive etc) themselves. its damn unfair to expect the children to do alot more for their parents when they are alr struggling / their parents didn't even treat them well when they were growing up. 

my parents never gave allowance to my grandparents, gambled all their lives and never saved a single cent, were abusive parents who didnt support me thru my education. is it rly rly my responsibility to give them monthly allowance now that im working? i am still giving la, but i just know deep down that its not my responsibility bc they werent responsible/great parents.


i think gahmen imposes expectations (maintenance of parents act) that children should take care of their parents so that these old folks dont 'burden' the society. looking at western countries, they are more supportive of pension benefits but our country has none of that, so gahmen has got confucian values to impose on youngsters who are alr struggling with their day-to-day expenses (@ inflation all-time-high lol)"
7,Agree
8,"Then you only have yourself to blame, since this is the path you chose"
9,"I enjoy the insightful and rather detailed discussion on the topic. Thanks also for staying on topic. There are so man podcasts which drift off topic after awhile.
To add my two cents, expecting the government to take care of the basic needs of our parents (elderlies), is asking for too much. As the children, we should take care of their basic needs IF they need. The government has done their job by writing policies to ensure the elderlies are taken care of on a macro scale. E.g. CPF, medisave, CHAS etc."
10,"To support parents with basic necessities is a moral responsibility. Branded goods, holidays, country club membership etc they can jolly well fund themselves."
11,Every child deserves their parent but not every parent deserves their children.
12,Thanks for the podcasts. I‚Äôm just a newcomer here but find it useful to watch ur videos. I like the ways the girls break things down and analyze them. It‚Äôs so informative and insightful. I really love it. <3
13,Thanks for listening and discovering our podcast! Glad you enjoyed it! 
14,Really like this session that explores a lot of options that we can consider to help ourselves and our elderly parents. Thank you 
15,I love Hazelle hair colour
16,(FACTS OVA FEELINGS).          Wen Eu r Living with Ur Parents Eu may Not Real-eye the Tuu Impacks of the Negative Effects tha the Famileye System Patterns r having on Eu. One of the Reason for this is tha Every Person Normalizes Their Environment
17,So good 
18,"One helpful way, is to make it fun is to get your parents to do the love language test. Who says the test is only for couples? When you can find out your parents' love language, you can maximize your time and also convey your love more accurately. This way there won't be any misunderstandings and also it sort of will make your life more organized and productive this way. "
19,"Love the sound of this idea 
 Thanks for sharing May!"
20,"Good content unlike some local channels always come up with lame contents. Only fans interview, etc etc, lane."
21,"Point to note here is that Maintenance of Parents act is only used at the most extreme of situations. That‚Äôs why you hardly ever hear it being used and the when it is used, the verdict is such that children don‚Äôt give obscene amounts. Like filial piety, the law is laid out there, but then there are a bunch of folks that like to misuse these concepts and hit their children hard. Eg. If you don‚Äôt give me $x you are unfilial,I can sue you. But if it‚Äôs a gambler parent, this law does not applies. And Confucius does explain that in such a situation you don‚Äôt have to feed your parents demands (ÊÑöÂ≠ù), instead the filial way to correct them. But Confucius has one requirement for this, he says correct them respectfully."
22,‡∏ä‡∏≠‡∏ö‡∏°‡∏≤‡∏Å‡πÜ‡πÜ‡πÜ
23,Elderly parents are entitled to monthly family support from their adult children in Singapore by law
24,"If parents should not expect children to fund their luxuries (e.g. Rolex watch) when they are old, then children should also not expect parents to fund their luxuries (e.g. concert tickets, expensive smartphones, branded clothes/shoes/accessories) when they were young. Thoughts?"
25,Parents are bunch of oldies that need to be reintegrated to new valley homes... Met unfortunate and permanent disabled oldies ... Am worried about my future...  Can u please guide me to new era of false love ..
26,Does anyone realise azura shoe got ziptie
27,Did I hear that right..... who is charging you 3% p.a for your investment.....that's criminal.
28,Downvoted for inaccurate info regarding Singapore's parental support law
29,When devotee get more excited : -  https://youtu.be/-daSts1QqHw. 
30,"Why Germaine act stupid when Azura said ""reap what you sow"" XD then followed by the low blow about the law to demand money from their children. Damn strange. She cannot accept opposing views ah? siao"
31,"As a boss of a family business, whenever my staffs take childcare leave on top of all their sick leave and paid leaves, i just feel like its very unfair for my company to bear the expenses of their absence. they aren't working but we still have to pay them and on top of that we have to pay OT to the staff thats taking over the staff on leave. It's not that i don't have any compassion, but if the government want to implement leaves, they should endorse the company with the lost financial cost to compensate, instead of the company tanking it for themselves. if it's a big company it should be fine but a small family business like mine loses out alot. what rly triggered me was the covid-19 issue. Government actually allow staffs to take 1 week paid leave outside of their original paid leave (21 paid leave a yr) without a doctor letter and without any evidence they actually got covid. they dont have to work for 1 week and they get paid. its extremely detrimental to the company cuz if everyone abuses this covid thing, they can go up to half a year of absence and still get paid. the government needs to pay these companies their loses instead of just asking companies to ""suck it up, have compassion"". HOW ABOUT, the government give us companies some compassion instead?? Doing a business is far from easy already and now the government is just telling us to ""suck it up since you are so rich right?"""
32,"This comment section: trauma dumping 
Ô∏è
Ô∏è"
33,"It's a moral responsibility of a child to take care of there parents when they are unable to do so
And if it is a question for you to take care of your parents or not
Then you don't deserve your parents"
0,We appreciate your insights. Keep working hard as always.
1,Love you girls..i laughed so much and  appreciated all nfo shared here.
2,Good discussion
3,"29:25 For those who drive, I would suggest that maybe you want to discount the fact that you drive when you consider the location of the house that you're buying. Because, what if farther down the down, you want to switch to public transport? Or our car policies change and it becomes ridiculously expensive to drive, or it no longer makes sense to drive? So don't put too much weight on the fact that you drive. I was lucky. When I bought my current place, my friend was telling me how convenient public transport here is, but we both also acknowledge that it didn't really matter since I drove. Now that I no longer see the sense in owning a car, I'm so grateful that I'm well-connected as far as public transport is concerned. Phew..."
4,"That's a good point! PD here - who is one of those who drives, and like you, I deliberately chose a home close to public transport :) I would have preferred a quieter place, away from the loud sound of buses and cars, but that may have come with inconveniences. However, I understand that some people cannot compromise a quiet neighbourhood for a slightly 'noisier' one. It's a trade-off, so it's completely understandable. "
5,the studio is so aesthetic! will you ladies be doing a studio tour!? :)
6,we might! stay tuned to our tiktok (@itsclarityco) for more behind the scenes!
7,Azura's shoes SLAY!!!!
8,"No, the owning mindset didn't start with our parents, grandparents. It was started by our founding father, the late Mr Lee Kuan Yew. Back when SG first turned independent, he needed to forge a unity amongst the different races and immigrants. He felt that home ownership would give the people, regardless of their race, culture and origins, a sense of belonging and loyalty, and a feeling of being invested in the future success of the country. So he made it a national policy for the population to buy public housing instead of renting from the HDB. It wasn't so much a desire by our fore-fathers to own a home but rather, it was policy back then."
9,"@sleepy_dobe

Sometimes in all honesty,  I wonder which planet these LKY worshipers came from?! You make it sound like all our ancestors don‚Äôt have a good head on their shoulders and ‚ÄúONLY‚Äù Demi God Lee Kuan Yew had that foresight to implement this ‚Äúhome ownership‚Äù policy. 
Ô∏è 

OWNING one‚Äôs OWN home IS STILL and will ALWAYS be the aspiration and INSTINCT of any independent minded individual. You don‚Äôt need a rocket scientist to figure that out. Do you know how many of Singaporean‚Äôs grandparents back in the day SOLD their land At A DISCOUNTED rate to the government to build HDBs??! How is LKY going to justify not allowing people to at least own their own homes!"
10,Germaine is so cute about the HDB calculator......lol
11,"18:37 note, Bil Gates became a Billionaire when he was 32 years old"
12,Hey hush crew
13,Hey 
14,All stay together problem solved haha
15,"neighbour from hell HAHAHA! YOU COME DOWN NOW 

Jokes aside, imo there's a world where renting does make sense over getting a mortgage. But rents now are abit crazy (might be an understatement), but yea for most, BTO is the way."
16,"Singaporeans are asset-rich, cash-poor.......lol."
0,"wow i remember looking up to them 9 years ago when i was in netball, and now they are mothers!!"
1,Really ?? I have no idea who they are.
2,"watching this podcast reminds me of myself when i was a child. I also had an ambitious mom who worked the entire day and people were always saying things (as the host hazelle has done here too) like it's ""needed"" for moms to send the kid to infant care (or in my case, left in the hands of FDWs). My sibling and I grew up to be neglected kids who have issues with intimacy, and I don't want my future kids to go through the same thing. The truth is that it's not necessarily ""needed"" to sacrifice time with the kid! You always have a choice - sometimes it means having to give up a job or interest if you prioritise the child. On a systemic level, I think Sg is also not the most family-friendly place to work in this respect."
3,thank you for sharing your personal experience with us! There's definitely no right or wrong way to parent (and no manual given!). What's most important is for us to find the right balance for your own family. 
4,"This episode was really inspiring to watch! Not just from the guests Char & Qi, but the questions and replies imposed by the 3 hosts as well. 
 From a lady to another lady - such experiences are gonna be felt by literally any modern lady going through motherhood  right now or prior to the future. Even if it's not ourselves, it could be a feeling for a close sister/friend. 
 It's wholesome to see these ladies get the support system they need while also pursuing their endeavours.

This is a shout out to all the women who are juggling multiple things right now in their lives. We are all in this together. "
5,"My friend is a girl national rock climber here in Malaysia, and she's also a national athlete in obstacle course racing. 

Through her and the things she shared last time, I realized that women athletes or women in general can multitask very well, but have it harder. The recognition and pay are lower for women, and women have to deal with the changes in energy and how their performance is affected because of the menstrual cycle."
6,Can make a lot of money?
7,We will always support you all. Keep working hard.
8,Btw they retired?
9,Do they make alot of money???
0,"Visit Army Women‚Äôs Career Fair on 24 June at Singapore Sports Hub, OCBC Lounge, from 11am to 7pm and discover how you can pursue your interests in Our Singapore Army. Register now at: https://go.gov.sg/armycareerfair-yt "
1,all the woman join army what a joke
2,"Ma'am Jin Hui used to be my BSO around 2020-2021, she's always very caring and motivates troopers who seem to lag behind during trainings, she's also a very good leader. I'm glad I see some people I know and respect from my NS days famous :)"
3,Hard to find real leaders with empathy nowadays. Respect to her !
4,"She‚Äôs a role model for women! I already like her as a person by listening to this podcast 
 she‚Äôs so strong and yet caring, if I have a daughter I hope she‚Äôll be like her~"
5,Why didn‚Äôt anyone ask about her skincare routine esp her sunscreen habit hahah!! Her skin looks flawless 
6,"personally you would find that the warrant officers in the army (those who started off as lowly sergeants) have much better communication and leadership skills, because they needed to demonstrate these to rise up the ranks amongst the many. officers dont have these same opportunities or ""hardships"" to develop the same soft skills, as most go through the officer course from the start based on school results. so if you want a different more grounded perspective, speak to a warrant officer (someone who has proven ability over the years). officers, with the greatest respect, are usually sheltered from the dark side of the military - such as army rigidity and toxic organisational culture (they are the creators of and not the ones being subjected to military culture)."
7,"I fully support female conscription for Singaporean National Service!!! 
 It's 2023 girls can and should do it too!"
8,Agree. Ladies should do national service. I have alot of very capable women around me and I can see the values they bring into the service.
9,"Israel: ""Hold my beer."""
10,Since SAF was modeled after IDF originally I think this is a brilliant idea I‚Äôm sure our women would benefit and would not mind just a short stint 3-6 months
11,Let‚Äôs gooooo
12, @Coachchuateckguan  So basically still discriminating and giving them an easier time. Good idea at furthering equality.
13,"Limited budget. So between men and women, the government would get men to do it."
14," @slaiyfershin u can shit on inequality, but gotta accept the biological differences between the 2 genders"
15," @notenoughcalories  sure. Accept it and treat accordingly then. Do national service or harder national service then get proportionate returns for time and effort. Not give volunteer NS or if it ever happens, easier female NS, and frame it like it's equal service. You don't get to have your cake and eat it too."
16,"Singapore‚Äôs high rank structures are based solely on educational levels. Not Combat experience and exposures. 

You‚Äôll be surprised that some of the most decorated and respected soldiers in the US Military are actually corporals and sergeants whom had seen front line actions and life and death situations first hand. Not some officers whom simply has a degree or a so called ‚Äúscholar‚Äù.."
17,"It boils down how much love, respect , dignity and trust to  soldiers regardless on whether career or full time nsf/nsmen."
18,"NS really brings us men together... and in fact, it transcends generations...

I had the privilege of chancing upon a Gen 1 army combat engineer officer.. u know back the where SG didn't really have the best of equipment? Yea.. those days..

We bonded cos we were combat engineers and went through the same kind of training.. handling explosives, learning how to lay mines, how to construct a base of ops for vehicles, etc... 

It's really heart warming and fun"
19,Salute to all our female military personnel. Thank you for your service!
20,its universal once you don a uniform there is a bond for life..
21,shall do podcast with Singapore 1st female fighter pilot too
22,this girl got biceps
23,The way of talking so nice she is so fit
24,She is a trained counsellor too
25,There are not many female regular soldiers in armour units esp for armout operator. Think I roughly know who Azura's friend is hehe.  (appeared in the news before)
26,20:39 I'm here 
27,"Signals is a much more reasonable vocation for women, since infantry is so reliant on human strength. Whereas Signals is a much more technical vocation"
28,"28:17 But Germaine, you said earlier that you don't like being in the sun, so how to sign on and forge a career in the SAF? Lol......

By the way, I also don't like being in the sun these days. Way too hot.....my migraine gets triggered too often nowadays. I remember during my last few reservist trainings, my head was permanently wet during field camps...lol. Have to keep it cool to minimise the chances of triggering my migraine."
29,"cant believe i am hearing about how ""understanding"" the commanders are."
30,Wow. Would never enlist voluntarily in the army. 2 years + 10 cycles is more than enough for a lifetime.
31,Subtitle please! ü•πü•π
32,Wow i love her voice and physique
33,"I am a guy but because of my PES status (PES E), I didn't go through BMT in Tekong. I have ORDed for nearly 9 years already and wasn't called up for a single reservist. 

My BMT was a 1-month stay-out at Kranji Camp III, then I went to MINDEF HQ for my unit life. I didn't even need to wear uniform once I entered my unit, I could wear civilian clothes. Therefore, my NS life felt like a 2-year internship. 

So when guys talk about their NS life, I can't relate at all because I didn't go through the typical experience. HAHAHA."
34,Parents used to bring up whether we our male children got manage to flirt with any female nurse since we used work in the hospital environment.
35,Beautiful without makeup. 
36,Women power 
37,I think the girl who never serve shld keep quiet and actually let the servicewoman talk
38,Der hauptmann female version
39,Hormat SAF !
40,all women should served ns...
41,Sedia = salute? 
42,She is kinda cute ...
43,"ÎÇòÎäî ÎßêÎ†àÏù¥ÏãúÏïÑ Ï§ëÍµ≠Ïù∏ Koh Tiam HongÏûÖÎãàÎã§. ÎÇòÎäî ÏïºÏàò, Í∞úÏûêÏãù, Í∞úÏûêÏãù, ÏïºÏàò, ÏïºÏÉù ÌíàÏ¢ÖÏûÖÎãàÎã§."
44,"I know men who would make great commanders, and commanders who are lesser than the average men. SAF's rank progression is skewed."
45,"Many thanks to the police for going after many opposition-related members for criminal offences - pritam, faisal, charles yeo, lim tean, hsien yang, etc. "
46,Haha listening to them talking about having more females in the army without considering the impact. Logistically etc. yes females have valuable impact in some vocations however thinking about the studies of performance of mixed units vs purely males there‚Äôs no question having females in unit produces a decrease in performance.
47,rule the kitchen
48,Are you sure it‚Äôs a real woman
49,Smart officer in between a bunch of look good no brainers-.-
50,next can u make podcast about interracial couple in singapore.
0,My CCA is also CO but also netball
1,Omg? They nv heard Chinese Orchestra b4?  I'm old gg.
2,Because Chinese orchestra usually in Chinese schools
3,nah ncc command band still supreme bruv
4,"It‚Äôs not just full time athelete that needs to sacrifice much. This applies to anyone, be it a nurse, a concert pianist or even construction worker, they are also sacrificing much of their time on practicing , working long hours, etc."
5,How much money they earns???
6,WEWWW Chinese Orchestra !!! 
7,Heyyy!!!! Hahahaha
8,I was in Chinese Orchestra! Now has step down alr
